{
  "android19": {
    "platformName": "Android",
    "platformVersion": "4.4",
    "deviceName": "Emulator-Api19-Default",
    "avd": "Emulator-Api19-Default",
    "lt": 60000,
    "appActivity": "com.tns.NativeScriptActivity",
    "newCommandTimeout": 720,
    "noReset": false,
    "fullReset": true,
    "app": ""
  },
  "android21": {
    "platformName": "Android",
    "platformVersion": "5.0",
    "deviceName": "Emulator-Api21-Default",
    "avd": "Emulator-Api21-Default",
    "lt": 60000,
    "appActivity": "com.tns.NativeScriptActivity",
    "newCommandTimeout": 720,
    "noReset": false,
    "fullReset": true,
    "app": ""
  },
  "android23": {
    "platformName": "Android",
    "platformVersion": "6.0",
    "deviceName": "Emulator-Api23-Default",
    "avd": "Emulator-Api23-Default",
    "lt": 60000,
    "appActivity": "com.tns.NativeScriptActivity",
    "newCommandTimeout": 720,
    "noReset": false,
    "fullReset": true,
    "app": ""
  },
  "android24": {
    "platformName": "Android",
    "platformVersion": "7.0",
    "deviceName": "Emulator-Api24-Default",
    "avd": "Emulator-Api24-Default",
    "lt": 60000,
    "appActivity": "com.tns.NativeScriptActivity",
    "newCommandTimeout": 720,
    "noReset": false,
    "fullReset": true,
    "app": ""
  },
  "android25": {
    "platformName": "Android",
    "platformVersion": "7.1",
    "deviceName": "Emulator-Api25-Google",
    "avd": "Emulator-Api25-Google",
    "lt": 60000,
    "appActivity": "com.tns.NativeScriptActivity",
    "newCommandTimeout": 720,
    "noReset": false,
    "fullReset": true,
    "app": ""
  },
  "android26": {
    "platformName": "Android",
    "platformVersion": "8.0",
    "deviceName": "Pixel_API_26",
    "lt": 60000,
    "appActivity": "com.tns.NativeScriptActivity",
    "newCommandTimeout": 720,
    "noReset": false,
    "fullReset": true,
    "app": ""
  },
  "sim.iPhone7.iOS100": {
    "platformName": "iOS",
    "platformVersion": "10.0",
    "deviceName": "iPhone 7 100",
    "noReset": true,
    "fullReset": false,
    "app": ""
  },
  "sim.iPhone8.iOS11": {
    "platformName": "iOS",
    "platformVersion": "11.0",
    "deviceName": "iPhone8",
    "noReset": true,
    "fullReset": false,
    "udid": "77F2D208-B897-433B-AC9A-7D351F6A1920",
    "automationName": "XCUITest",
    "bundleId": "org.nativescript.pluginshowcase",
    "app": ""
  }
}
