<?xml version="1.0" encoding="utf-8"?>
<resources>
  <string name="app_name">SpeakToPay</string>
  <string name="title_activity_kimera">SpeakToPay</string>

  <string name="shortcut_short_appicon">App Icon</string>
  <string name="shortcut_long_appicon">App Icon</string>
  <string name="shortcut_disabled_appicon">App Icon disabled</string>

  <string name="shortcut_short_feedback">Feedback</string>
  <string name="shortcut_long_feedback">Feedback</string>
  <string name="shortcut_disabled_feedback">Feedback disabled</string>
</resources>
